{
	"width" : 640,
	"height" : 480,
	"intrinsic_matrix" :
	[
		617.25,
		0,
		0,
		0,
		617.5486450195312,
		0,
		317.3921203613281,
		245.98019409179688,
		1
	]
}

{
	"width" : 1920,
	"height" : 1080,
	"intrinsic_matrix" :
	[
		1383.1981201171875,
		0.0,
		946.4207153320312,
		0.0,
		1382.8433837890625,
		516.7734375,
		0.0,
		0.0,
	  1.0
	]
}
